{
  "accuracy": [
    0.8465785384178162,
    0.9347130060195923,
    0.9457308650016785,
    0.951507031917572,
    0.953582227230072,
    0.9574734568595886,
    0.959862470626831,
    0.9618425369262695,
    0.9626847505569458,
    0.9633448123931885,
    0.9640958905220032,
    0.9658006429672241,
    0.9651507139205933,
    0.9659706950187683,
    0.9662905931472778,
    0.96668940782547,
    0.9677138328552246,
    0.9684953689575195,
    0.968819260597229,
    0.9693719744682312,
    0.970218300819397,
    0.9704692959785461,
    0.970485508441925,
    0.9709309339523315,
    0.9711495637893677,
    0.971457302570343,
    0.9715949892997742,
    0.971730649471283,
    0.9718055725097656,
    0.9720444679260254
  ],
  "loss": [
    0.6245093941688538,
    0.3168400228023529,
    0.2726462781429291,
    0.24807822704315186,
    0.23775054514408112,
    0.22652961313724518,
    0.213308185338974,
    0.20908991992473602,
    0.20460480451583862,
    0.2044891119003296,
    0.1996481865644455,
    0.19507242739200592,
    0.19500987231731415,
    0.1912277489900589,
    0.1883704513311386,
    0.1890670657157898,
    0.18191727995872498,
    0.18207688629627228,
    0.1791355162858963,
    0.18018822371959686,
    0.1775532066822052,
    0.1761655956506729,
    0.17548401653766632,
    0.17444762587547302,
    0.1735912263393402,
    0.1732807457447052,
    0.17133823037147522,
    0.1726982742547989,
    0.1716717928647995,
    0.1708201766014099
  ],
  "val_accuracy": [
    0.9394474625587463,
    0.9487632513046265,
    0.9568399786949158,
    0.9594442844390869,
    0.95790696144104,
    0.9594327807426453,
    0.9650314450263977,
    0.96413654088974,
    0.9673259854316711,
    0.953076958656311,
    0.9703432321548462,
    0.9683699607849121,
    0.9582970142364502,
    0.9710775017738342,
    0.9572644829750061,
    0.9702629446983337,
    0.9727754592895508,
    0.9732688069343567,
    0.9723509550094604,
    0.9730278849601746,
    0.9740374684333801,
    0.9749437570571899,
    0.974840521812439,
    0.9743701815605164,
    0.9745766520500183,
    0.9748520255088806,
    0.9751043915748596,
    0.9749323129653931,
    0.9752076268196106,
    0.9755059480667114
  ],
  "val_loss": [
    0.22778888046741486,
    0.17731299996376038,
    0.16331560909748077,
    0.13853615522384644,
    0.15311601758003235,
    0.14256888628005981,
    0.11633642762899399,
    0.12376991659402847,
    0.11356309056282043,
    0.12130817770957947,
    0.10541227459907532,
    0.11444003880023956,
    0.10047873109579086,
    0.09989520162343979,
    0.10451401025056839,
    0.1016428992152214,
    0.09676767140626907,
    0.09574145078659058,
    0.09945124387741089,
    0.09596025198698044,
    0.08782456815242767,
    0.08798924833536148,
    0.08731351792812347,
    0.0896603986620903,
    0.08729812502861023,
    0.08447152376174927,
    0.08745361119508743,
    0.08464278280735016,
    0.0836009532213211,
    0.08337092399597168
  ],
  "learning_rate": [
    0.0010000000474974513,
    0.0010000000474974513,
    0.0010000000474974513,
    0.0010000000474974513,
    0.0010000000474974513,
    0.0010000000474974513,
    0.0005000000237487257,
    0.0005000000237487257,
    0.0005000000237487257,
    0.0005000000237487257,
    0.0005000000237487257,
    0.0005000000237487257,
    0.0005000000237487257,
    0.0005000000237487257,
    0.0005000000237487257,
    0.0005000000237487257,
    0.0002500000118743628,
    0.0002500000118743628,
    0.0002500000118743628,
    0.0002500000118743628,
    0.0001250000059371814,
    0.0001250000059371814,
    0.0001250000059371814,
    0.0001250000059371814,
    0.0001250000059371814,
    6.25000029685907e-05,
    6.25000029685907e-05,
    6.25000029685907e-05,
    3.125000148429535e-05,
    3.125000148429535e-05
  ]
}